{
  "posts": [
    {
      "id": "1",
      "title": "نظرة شاملة على إطار Next.js 14 والتحديثات الجديدة",
      "content": "تم إطلاق إصدار Next.js 14 مؤخرًا، واستمر فريق Vercel في تقديم تحسينات كبيرة على هذا الإطار الشهير. من بين التحديثات الرئيسية نجد تحسينات في أداء Server Components والذي يعتبر تغييرًا جذريًا في كيفية بناء تطبيقات الويب.\n\nمن أبرز الميزات الجديدة: الموجه المحسن (Improved Router) الذي يجعل معالجة الطلبات أكثر كفاءة، وTurbopack الذي يقدم سرعة بناء أعلى بعشر مرات من الحلول الحالية. كما تم تحسين نظام التخزين المؤقت (Caching System) لتحسين أوقات التحميل والاستجابة.\n\nالآن أصبح بإمكان المطورين الاستفادة من ميزة Server Actions بشكل كامل، والتي تسمح بكتابة وظائف على جانب الخادم يمكن استدعاؤها مباشرة من مكونات العميل. كما يستخدم Next.js 14 الآن React 19 الذي يقدم العديد من التحسينات في الأداء والتوافق.\n\nمع تكامل Vercel المستمر، أصبح نشر تطبيقات Next.js أكثر سهولة من أي وقت مضى. يُظهر هذا الإصدار التزام الفريق المستمر بتقديم أفضل تجربة ممكنة لمطوري الويب، مع الحفاظ على التركيز على الأداء والحداثة والتوافق مع أفضل الممارسات.",
      "createdAt": "2023-11-01T08:00:00Z",
      "tags": ["Next.js", "React", "Vercel", "جافاسكربت"]
    },
    {
      "id": "2",
      "title": "الأدوات الجديدة للمطورين في عام 2024",
      "content": "مع بداية عام 2024، نشاهد ظهور مجموعة رائعة من الأدوات التي تساعد المطورين على تحسين إنتاجيتهم وكفاءتهم. في مقدمة هذه الأدوات نجد محرر الشيفرة GitHub Copilot الذي أصبح الآن يدعم لغات برمجة جديدة ويقدم اقتراحات أكثر دقة.\n\nفي عالم اختبار البرمجيات، أصبح Playwright الخيار المفضل للعديد من المطورين بفضل قدراته على اختبار التطبيقات عبر مختلف المتصفحات بسهولة. أما Cypress فقد أضاف دعمًا للاختبار الموازي مما يقلل وقت الاختبار بشكل كبير.\n\nأدوات إدارة الحالة مثل Zustand و Jotai تكتسب شعبية متزايدة كبدائل أخف وأكثر مرونة لـ Redux، خاصة في تطبيقات React. وفي مجال تطوير الواجهات، أصبحت مكتبات مثل Shadcn/ui وDaisyUI من الخيارات الرائجة للمطورين الذين يستخدمون Tailwind CSS.\n\nفيما يتعلق بأدوات البنية التحتية، نرى اعتمادًا متزايدًا على Docker و Kubernetes لنشر التطبيقات وإدارتها، مع أدوات مثل الـ GitHub Actions التي تسهل عملية التكامل والنشر المستمر.\n\nمع استمرار تطور مجال تطوير الويب، سيكون من المثير رؤية كيف ستؤثر هذه الأدوات على المشهد العام للتطوير في المستقبل.",
      "createdAt": "2023-10-25T09:30:00Z",
      "tags": ["أدوات تطوير", "CI/CD", "اختبار البرمجيات", "DevOps"]
    },
    {
      "id": "3",
      "title": "فهم Web Components والمعايير الجديدة",
      "content": "مكونات الويب (Web Components) هي مجموعة من التقنيات التي تسمح بإنشاء عناصر مخصصة قابلة لإعادة الاستخدام في تطبيقات الويب. تتألف هذه التقنية من ثلاثة معايير رئيسية: العناصر المخصصة (Custom Elements)، وظل DOM (Shadow DOM)، وقوالب HTML (HTML Templates).\n\nالعناصر المخصصة تسمح لك بتعريف عناصر HTML جديدة بسلوكيات مرتبطة بها. على سبيل المثال، يمكنك إنشاء عنصر <user-profile> مخصص يعرض معلومات المستخدم بتنسيق معين. أما ظل DOM فيوفر إمكانية تغليف DOM والنمط (CSS) في مكون، مما يمنع تسرب الأنماط من وإلى المكون.\n\nقوالب HTML توفر طريقة لتعريف مقاطع من الشيفرة التي لا يتم تنفيذها عند تحميل الصفحة، ولكن يمكن استخدامها لاحقًا في وقت التشغيل من خلال JavaScript. هذا يسمح بإنشاء قوالب قابلة لإعادة الاستخدام عبر التطبيق.\n\nمعايير مكونات الويب مدعومة الآن في جميع المتصفحات الرئيسية، مما يجعلها خيارًا قابلاً للتطبيق لتطوير واجهات المستخدم. على عكس أطر عمل JavaScript مثل React أو Vue، لا تتطلب مكونات الويب أي مكتبات خارجية، مما يجعلها أكثر استدامة على المدى الطويل.\n\nمع تطور معايير الويب، نتوقع رؤية المزيد من الدمج بين مكونات الويب الأصلية وأطر عمل JavaScript الشائعة، مما يوفر للمطورين أفضل ما في العالمين.",
      "createdAt": "2023-10-20T14:15:00Z",
      "tags": ["Web Components", "Shadow DOM", "HTML", "JavaScript"]
    }
  ]
}
